state,district,year,month,enrollment,pred_enrollment,pred_log
Andaman And Nicobar Islands,Andamans,2025,12,20,19.515526052657027,3.0211819679079213
Andaman And Nicobar Islands,Nicobar,2025,12,6,6.9279373372738835,2.0703928930198967
Andaman And Nicobar Islands,North And Middle Andaman,2025,12,39,51.5939847533232,3.9626017549024146
Andaman And Nicobar Islands,South Andaman,2025,12,58,72.01863007328562,4.290714615072121
Andhra Pradesh,Alluri Sitharama Raju,2025,12,245,245.32982528207015,5.506671391104547
Andhra Pradesh,Anakapalli,2025,12,124,98.19276341023321,4.5970650621362665
Andhra Pradesh,Ananthapuramu,2025,12,1476,1507.0658110171553,7.31858318887371
Andhra Pradesh,Annamayya,2025,12,233,246.07500110729234,5.509691938743852
Andhra Pradesh,Bapatla,2025,12,117,83.09507860379587,4.43194804688133
Andhra Pradesh,Chittoor,2025,12,1477,1501.2787062527532,7.314738371870043
Andhra Pradesh,Cuddapah,2025,12,1316,1419.867811400474,7.259023098717556
Andhra Pradesh,Dr. B. R. Ambedkar Konaseema,2025,12,143,140.80075060791907,4.954422907510809
Andhra Pradesh,East Godavari,2025,12,1479,1498.1525403512246,7.312655254333679
Andhra Pradesh,Eluru,2025,12,123,115.22889366051999,4.755561468073965
Andhra Pradesh,Guntur,2025,12,2136,2222.5871710646097,7.706877013618801
Andhra Pradesh,Kakinada,2025,12,210,223.4638480553526,5.4137146610540645
Andhra Pradesh,Krishna,2025,12,1281,1341.473513178345,7.202269096712298
Andhra Pradesh,Kurnool,2025,12,2275,2261.362246211797,7.72416478806823
Andhra Pradesh,N. T. R,2025,12,194,193.65003125394233,5.2712032346212725
Andhra Pradesh,Nandyal,2025,12,185,191.96812838962742,5.262525037390547
Andhra Pradesh,Palnadu,2025,12,215,217.63916929579665,5.387422742197102
Andhra Pradesh,Parvathipuram Manyam,2025,12,96,51.490966501723996,3.960641088158588
Andhra Pradesh,Prakasam,2025,12,1286,1341.2806959420677,7.202125458061166
Andhra Pradesh,Sri Potti Sriramulu Nellore,2025,12,1217,1289.625903602259,7.162882576276811
Andhra Pradesh,Sri Sathya Sai,2025,12,207,218.10430372061447,5.389547889131529
Andhra Pradesh,Srikakulam,2025,12,773,750.0456386175714,6.6214664203804965
Andhra Pradesh,Tirupati,2025,12,356,358.1040276807444,5.883612117211311
Andhra Pradesh,Visakhapatnam,2025,12,1748,1795.1734529812245,7.493413821582605
Andhra Pradesh,Vizianagaram,2025,12,723,723.1359132538373,6.584979100256217
Andhra Pradesh,West Godavari,2025,12,1116,1228.1448262236784,7.1140739433261135
Arunachal Pradesh,Anjaw,2025,12,3,7.012997863573737,2.0810649561758727
Arunachal Pradesh,Changlang,2025,12,58,132.30641053210118,4.89265031704184
Arunachal Pradesh,Dibang Valley,2025,12,1,1.7381225984231987,1.0072725024975604
Arunachal Pradesh,East Kameng,2025,12,20,55.86046604061831,4.040600302471683
Arunachal Pradesh,East Siang,2025,12,16,33.20792379294866,3.532457307084911
Arunachal Pradesh,Kamle,2025,12,2,4.632455490617335,1.728545491050223
Arunachal Pradesh,Kra Daadi,2025,12,9,18.799859380141445,2.985674835662212
Arunachal Pradesh,Kurung Kumey,2025,12,4,9.753037320255357,2.375188256085465
Arunachal Pradesh,Leparada,2025,12,1,1.7381225984231987,1.0072725024975604
Arunachal Pradesh,Lohit,2025,12,45,112.48515775705046,4.731672059710142
Arunachal Pradesh,Longding,2025,12,10,24.758944895651844,3.2487819413775827
Arunachal Pradesh,Lower Dibang Valley,2025,12,14,24.634656830966506,3.243945218407871
Arunachal Pradesh,Lower Siang,2025,12,1,1.7381225984231987,1.0072725024975604
Arunachal Pradesh,Lower Subansiri,2025,12,11,22.947214986977826,3.1758520326267945
Arunachal Pradesh,Namsai,2025,12,28,74.88636297923048,4.329236997365957
Arunachal Pradesh,Papum Pare,2025,12,45,123.56796559981169,4.824851475383184
Arunachal Pradesh,Shi-Yomi,2025,12,2,4.632455490617335,1.728545491050223
Arunachal Pradesh,Siang,2025,12,2,4.570783003557371,1.7175356192043827
Arunachal Pradesh,Tawang,2025,12,18,39.3872224915853,3.698513459980871
Arunachal Pradesh,Tirap,2025,12,10,19.45334682113351,3.018146527833316
Arunachal Pradesh,Upper Siang,2025,12,4,9.720446608450015,2.3721528160108596
Arunachal Pradesh,Upper Subansiri,2025,12,20,56.72899391228436,4.05575954145319
Arunachal Pradesh,West Kameng,2025,12,20,58.006241818574274,4.077643231845135
Arunachal Pradesh,West Siang,2025,12,24,66.51493475335111,4.212348829010274
Assam,Bajali,2025,12,5,14.962649881248565,2.7702516108994506
Assam,Baksa,2025,12,385,407.64552583732024,6.012848095259892
Assam,Barpeta,2025,12,1043,1160.8854474436246,7.057799350317906
Assam,Biswanath,2025,12,178,176.9695734668433,5.181612600101402
Assam,Bongaigaon,2025,12,355,348.37788039453375,5.856154088296226
Assam,Cachar,2025,12,995,1158.4235851729827,7.055678251266418
Assam,Charaideo,2025,12,139,131.91180399869492,4.889685780425884
Assam,Chirang,2025,12,298,293.71379360613264,5.686004694234093
Assam,Darrang,2025,12,968,1082.2644879158863,6.987734435020206
Assam,Dhemaji,2025,12,554,607.1530852095264,6.410426635157762
Assam,Dhubri,2025,12,1265,1470.8079242716806,7.294246804546275
Assam,Dibrugarh,2025,12,391,414.9859901536925,6.030651582179001
Assam,Dima Hasao,2025,12,3,14.962649881248565,2.7702516108994506
Assam,Goalpara,2025,12,738,819.3363375768431,6.709714423939129
Assam,Golaghat,2025,12,521,526.1101599532436,6.267409558866525
Assam,Hailakandi,2025,12,508,514.7649502619443,6.245651138951388
Assam,Hojai,2025,12,408,426.4115339563782,6.057747328848434
Assam,Jorhat,2025,12,400,422.6868617052121,6.048994648667464
Assam,Kamrup,2025,12,1078,1223.1177936644413,7.109975695095777
Assam,Kamrup Metro,2025,12,522,551.3021032010416,6.3140951849770985
Assam,Karbi Anglong,2025,12,476,506.90009977738146,6.23028477425802
Assam,Karimganj,2025,12,1473,1747.4176931737472,7.4664664825751945
Assam,Kokrajhar,2025,12,413,424.33697886901143,6.052881746208542
Assam,Lakhimpur,2025,12,791,816.4225818779697,6.706156197220276
Assam,Majuli,2025,12,52,21.14245293356873,3.0974967130842908
Assam,Marigaon,2025,12,938,1046.5342104630477,6.954194310416262
Assam,Nagaon,2025,12,1415,1697.7414028780488,7.437642904600773
Assam,Nalbari,2025,12,443,468.7058182045655,6.152106580021518
Assam,North Cachar Hills,2025,12,70,75.71886511989013,4.340147637972161
Assam,Sivasagar,2025,12,142,137.14369972341996,4.928294445721614
Assam,Sonitpur,2025,12,1460,1580.3258982615962,7.366018950224534
Assam,South Salmara Mankachar,2025,12,122,120.45546296363996,4.799547635611034
Assam,Sribhumi,2025,12,28,22.146804780488612,3.1418567485651727
Assam,Tamulpur District,2025,12,10,14.962649881248565,2.7702516108994506
Assam,Tinsukia,2025,12,1066,1154.5456513668335,7.052327936823966
Assam,Udalguri,2025,12,456,479.0307641923,6.17385019391542
Assam,West Karbi Anglong,2025,12,50,43.34414845047704,3.791980759813439
Bihar,Araria,2025,12,2519,2620.484801252534,7.87149615426644
Bihar,Arwal,2025,12,557,562.1724210143484,6.333585835275433
Bihar,Aurangabad(Bh),2025,12,1891,2011.1754222308707,7.606971715406488
Bihar,Banka,2025,12,2022,2072.899795238133,7.637186072886566
Bihar,Begusarai,2025,12,2894,2899.8758250105793,7.9727679790034784
Bihar,Bhabua,2025,12,6,69.66886267130151,4.258005061058354
Bihar,Bhagalpur,2025,12,2284,2291.51550594087,7.7374049678769365
Bihar,Bhojpur,2025,12,2638,2605.989335466519,7.8659513231949925
Bihar,Buxar,2025,12,1281,1363.20671689987,7.218328378899943
Bihar,Darbhanga,2025,12,2594,2597.849273562395,7.862824038947612
Bihar,Gaya,2025,12,4204,4333.578806813085,8.374379723436089
Bihar,Gopalganj,2025,12,2001,2047.813905029505,7.625016321776334
Bihar,Jamui,2025,12,1198,1272.3132920534147,7.149377673583581
Bihar,Jehanabad,2025,12,784,770.7211115324862,6.648623230265055
Bihar,Kaimur (Bhabua),2025,12,860,799.7404445617383,6.685536855307531
Bihar,Katihar,2025,12,2589,2583.097077937172,7.857131433057935
Bihar,Khagaria,2025,12,1827,1985.2315631371964,7.5939944355609965
Bihar,Kishanganj,2025,12,1321,1500.1976100974348,7.314018475264818
Bihar,Lakhisarai,2025,12,777,769.9858890879508,6.647670071304989
Bihar,Madhepura,2025,12,2183,2223.13490332882,7.7071233115024445
Bihar,Madhubani,2025,12,3642,3919.1498257655385,8.273885152912666
Bihar,Munger,2025,12,882,839.4816181247145,6.7339750824426075
Bihar,Muzaffarpur,2025,12,3153,3018.21879695341,8.012753400400884
Bihar,Nalanda,2025,12,2037,2091.90728908847,7.646309425759455
Bihar,Nawada,2025,12,1859,1946.3997030870203,7.574250276078289
Bihar,Paschim Champaran,2025,12,4053,4351.714514430509,8.378554955765141
Bihar,Patna,2025,12,3495,3591.5842958490325,8.186627082075677
Bihar,Purbi Champaran,2025,12,4210,4451.0545976997355,8.4011209759545
Bihar,Purnia,2025,12,3234,3085.9325374056493,8.034933170491302
Bihar,Rohtas,2025,12,1734,1808.013328396042,7.500536853193494
Bihar,Saharsa,2025,12,1997,2054.674745101255,7.628359416152497
Bihar,Samastipur,2025,12,4047,4288.856383873428,8.364008534409116
Bihar,Saran,2025,12,4065,4246.143287354256,8.354001868231133
Bihar,Sheikhpura,2025,12,501,513.973105419015,6.244114676812745
Bihar,Sheohar,2025,12,887,846.7738881228502,6.7426139588722105
Bihar,Sitamarhi,2025,12,3196,3055.5075986145494,8.025028235516581
Bihar,Siwan,2025,12,2276,2260.2794059324046,7.7236860409068315
Bihar,Supaul,2025,12,2027,2090.8911852804886,7.645823809147724
Bihar,Vaishali,2025,12,3157,3098.964098335018,8.039145809223923
Chandigarh,Chandigarh,2025,12,523,507.42731927882886,6.231322273667863
Chhattisgarh,Balod,2025,12,338,345.77171067606184,5.848666669134139
Chhattisgarh,Baloda Bazar,2025,12,773,778.5401904734493,6.658704246467541
Chhattisgarh,Balrampur (Cg),2025,12,647,664.9377712176225,6.501196229564741
Chhattisgarh,Bastar,2025,12,2369,2409.9678609113735,7.787783547902101
Chhattisgarh,Bemetara,2025,12,571,588.417808508997,6.3791352844874485
Chhattisgarh,Bijapur,2025,12,1060,1009.4543466770222,6.918155356879011
Chhattisgarh,Bilaspur (Cg),2025,12,1168,1184.862576257376,7.078225701222936
Chhattisgarh,Dakshin Bastar Dantewada,2025,12,337,327.54957172355086,5.7946877298079515
Chhattisgarh,Dantewada,2025,12,154,161.94570862127753,5.093417069381568
Chhattisgarh,Dhamtari,2025,12,347,348.8444155443024,5.8574885286357565
Chhattisgarh,Durg,2025,12,678,710.1107253714206,6.566828149564957
Chhattisgarh,Gariyaband,2025,12,277,290.4524513932663,5.6748768754812895
Chhattisgarh,Gaurela-Pendra-Marwahi,2025,12,20,15.949121384480236,2.830215996759062
Chhattisgarh,Janjgir-Champa,2025,12,832,915.3835312100691,6.820434979237225
Chhattisgarh,Jashpur,2025,12,558,579.36850659844,6.363663257991371
Chhattisgarh,Kabeerdham,2025,12,196,201.27829326046808,5.309644438666141
Chhattisgarh,Kanker,2025,12,364,394.00870742445943,5.9789078087707095
Chhattisgarh,Kawardha,2025,12,389,396.05800955122174,5.984082389789113
Chhattisgarh,Khairagarh Chhuikhadan Gandai,2025,12,45,47.08887526012566,3.873050866788274
Chhattisgarh,Kondagaon,2025,12,752,737.5340434527811,6.604667199016981
Chhattisgarh,Korba,2025,12,565,590.4040967078497,6.382499534529741
Chhattisgarh,Koriya,2025,12,329,328.8983455722405,5.79878456328483
Chhattisgarh,Mahasamund,2025,12,462,490.2428266926347,6.196938560924461
Chhattisgarh,Manendragarh–Chirmiri–Bharatpur,2025,12,51,50.03231050645401,3.9324589714652336
Chhattisgarh,Mohla-Manpur-Ambagarh Chouki,2025,12,40,40.10439790100282,3.7161151206681535
Chhattisgarh,Mungeli,2025,12,501,519.5839193795374,6.254951103454007
Chhattisgarh,Narayanpur,2025,12,146,147.50723312907238,5.0006336649964425
Chhattisgarh,Raigarh,2025,12,507,538.0464596352848,6.2898017631781675
Chhattisgarh,Raipur,2025,12,928,976.9440136130781,6.885452422601816
Chhattisgarh,Rajnandgaon,2025,12,751,790.4367813524676,6.673850004182261
Chhattisgarh,Sakti,2025,12,75,56.517037035085174,4.052081200178587
Chhattisgarh,Sarangarh-Bilaigarh,2025,12,72,41.632279045294986,3.752611690415333
Chhattisgarh,Sukma,2025,12,403,412.73201802205386,6.025218464772929
Chhattisgarh,Surajpur,2025,12,622,650.5860771475529,6.479409509322741
Chhattisgarh,Surguja,2025,12,671,686.224212494362,6.532660603597615
Chhattisgarh,Uttar Bastar Kanker,2025,12,218,222.17486089181085,5.407955593750841
Dadra And Nagar Haveli And Daman And Diu,Dadra And Nagar Haveli,2025,12,128,130.71596371210808,4.880647814099911
Dadra And Nagar Haveli And Daman And Diu,Daman,2025,12,26,19.10776575159434,3.0011060962495595
Dadra And Nagar Haveli And Daman And Diu,Diu,2025,12,21,18.10121649683539,2.949752023958193
Delhi,Central Delhi,2025,12,402,419.64308916770614,6.041784704924997
Delhi,East Delhi,2025,12,924,975.4545054069081,6.883928159786361
Delhi,Najafgarh,2025,12,2,12.719789062521883,2.6188392477277933
Delhi,New Delhi,2025,12,35,16.841851752976932,2.8815469195778514
Delhi,North Delhi,2025,12,573,590.655214188545,6.38292405675302
Delhi,North East Delhi,2025,12,1288,1353.1785751171828,7.210950331863906
Delhi,North West Delhi,2025,12,2417,2881.2786099366717,7.966336444314703
Delhi,Shahdara,2025,12,77,35.096018517946156,3.5861825688948037
Delhi,South Delhi,2025,12,1987,2168.753706929998,7.682368940982394
Delhi,South East Delhi,2025,12,11,12.719789062521883,2.6188392477277933
Delhi,South West Delhi,2025,12,1316,1362.0209425572766,7.217458796624182
Delhi,West Delhi,2025,12,1374,1408.7215295880562,7.251147467121104
Goa,North Goa,2025,12,180,202.63820058455715,5.316344892737765
Goa,South Goa,2025,12,119,119.51295891847158,4.791757290040268
Gujarat,Ahmedabad,2025,12,3068,3244.9381547133603,8.085159695124503
Gujarat,Amreli,2025,12,796,831.2151765951444,6.724091033098661
Gujarat,Anand,2025,12,1100,1117.040413846674,7.019332801403993
Gujarat,Arvalli,2025,12,387,397.0176895952575,5.986496450515974
Gujarat,Banaskantha,2025,12,2473,2860.689571346482,7.959167488596425
Gujarat,Bharuch,2025,12,853,857.3542484915333,6.755016891307454
Gujarat,Bhavnagar,2025,12,1264,1400.850710110773,7.2455485784089095
Gujarat,Botad,2025,12,202,215.10368743806944,5.375758326940001
Gujarat,Chhotaudepur,2025,12,344,365.7460159020139,5.904669553711226
Gujarat,Dahod,2025,12,1009,1081.4556983762607,6.986987533751663
Gujarat,Devbhumi Dwarka,2025,12,269,285.22319497897143,5.6567719084889045
Gujarat,Gandhinagar,2025,12,769,780.6560171754836,6.6614147680369244
Gujarat,Gir Somnath,2025,12,451,462.3053511639936,6.13838634246165
Gujarat,Jamnagar,2025,12,786,792.1534701603778,6.676016734007697
Gujarat,Junagadh,2025,12,1052,1084.847590911347,6.990116150784683
Gujarat,Kachchh,2025,12,1349,1380.0240051397864,7.230580535691084
Gujarat,Kheda,2025,12,979,1031.5318331016385,6.939769155451095
Gujarat,Mahesana,2025,12,968,993.0123763659083,6.901749657651402
Gujarat,Mahisagar,2025,12,330,331.7684682117454,5.807446957498377
Gujarat,Morbi,2025,12,394,388.9583111523389,5.966039838928888
Gujarat,Narmada,2025,12,259,271.77707237242606,5.608654876881658
Gujarat,Navsari,2025,12,322,327.4541521265705,5.794397260837419
Gujarat,Panch Mahals,2025,12,808,849.5413434399732,6.7458730214010405
Gujarat,Patan,2025,12,576,588.5458640199158,6.379352518511543
Gujarat,Porbandar,2025,12,242,262.68307890233405,5.574747923315306
Gujarat,Rajkot,2025,12,1538,1711.8864004758868,7.445935179998948
Gujarat,Sabarkantha,2025,12,864,863.3343162017695,6.761959634010405
Gujarat,Surat,2025,12,2580,2856.010661432539,7.957531133911783
Gujarat,Surendranagar,2025,12,1038,1058.0593003869633,6.965136340621912
Gujarat,Tapi,2025,12,255,260.22158186963543,5.56536901982982
Gujarat,The Dangs,2025,12,113,108.9462689905074,4.699991782732489
Gujarat,Vadodara,2025,12,1766,1888.6807709287734,7.544163189517265
Gujarat,Valsad,2025,12,1150,1185.3319450098843,7.078621426577182
Haryana,Ambala,2025,12,534,544.7233815845002,6.302112220231401
Haryana,Bhiwani,2025,12,677,724.3769829576354,6.586691496207033
Haryana,Charkhi Dadri,2025,12,135,137.88920110747455,4.933676500931417
Haryana,Faridabad,2025,12,1020,1054.3881959473463,6.961663936474064
Haryana,Fatehabad,2025,12,517,508.81655723213,6.234050969312089
Haryana,Gurugram,2025,12,926,957.5348503552269,6.86540592108943
Haryana,Hisar,2025,12,813,882.9345714872319,6.784383045743746
Haryana,Jhajjar,2025,12,466,478.08507332593757,6.171878187749247
Haryana,Jind,2025,12,651,659.9884979686155,6.493736438745092
Haryana,Kaithal,2025,12,490,497.7956122698986,6.212196417195216
Haryana,Karnal,2025,12,837,840.5095100285606,6.735197314848714
Haryana,Kurukshetra,2025,12,396,432.35879992988987,6.071566022123661
Haryana,Mahendragarh,2025,12,575,594.3562725173947,6.389160003690166
Haryana,Nuh,2025,12,1384,1461.919082372555,7.288189090107425
Haryana,Palwal,2025,12,920,960.5563815285016,6.868553202444835
Haryana,Panchkula,2025,12,283,273.3621424052575,5.614448921338267
Haryana,Panipat,2025,12,647,624.4128901190369,6.4384120558107565
Haryana,Rewari,2025,12,434,467.26043076532807,6.149024617136588
Haryana,Rohtak,2025,12,527,547.4270659379713,6.307054300842941
Haryana,Sirsa,2025,12,694,731.941792256481,6.597066288442193
Haryana,Sonipat,2025,12,722,747.9041372485596,6.618610987673978
Haryana,Yamunanagar,2025,12,663,687.8994563190221,6.535095333397245
Himachal Pradesh,Bilaspur (Hp),2025,12,196,214.0799786947515,5.371009952884152
Himachal Pradesh,Chamba,2025,12,285,341.1368363396141,5.8352107632976224
Himachal Pradesh,Hamirpur (Hp),2025,12,225,233.9911584457701,5.459547889801351
Himachal Pradesh,Kangra,2025,12,598,607.5600625770772,6.411095613517155
Himachal Pradesh,Kinnaur,2025,12,33,24.980288414807763,3.257338112597606
Himachal Pradesh,Kullu,2025,12,198,215.08571121041223,5.375675140134754
Himachal Pradesh,Lahaul And Spiti,2025,12,9,10.35974573172881,2.430076030272156
Himachal Pradesh,Mandi,2025,12,476,482.39541565892847,6.180834984688891
Himachal Pradesh,Shimla,2025,12,256,299.89160131971636,5.706750071381107
Himachal Pradesh,Sirmaur,2025,12,254,317.27805833063206,5.762925397983726
Himachal Pradesh,Solan,2025,12,187,200.11393698467378,5.303871598129941
Himachal Pradesh,Una,2025,12,211,227.04582004885222,5.4295465738902
Jammu And Kashmir,Anantnag,2025,12,683,704.448346775758,6.558833553553349
Jammu And Kashmir,Bandipore,2025,12,330,319.8990840727642,5.77112669386669
Jammu And Kashmir,Baramula,2025,12,1085,1109.922606302697,7.012946125919467
Jammu And Kashmir,Budgam,2025,12,646,682.2566711634196,6.526870588629402
Jammu And Kashmir,Doda,2025,12,968,1051.6979792419145,6.959111651660029
Jammu And Kashmir,Ganderbal,2025,12,173,157.19463483728148,5.063826140961258
Jammu And Kashmir,Jammu,2025,12,927,1048.493300049271,6.95606275529488
Jammu And Kashmir,Kathua,2025,12,878,873.5168778823813,6.773671594309442
Jammu And Kashmir,Kishtwar,2025,12,347,332.5216721926374,5.8097078473301735
Jammu And Kashmir,Kulgam,2025,12,273,266.6916020709266,5.589835579361568
Jammu And Kashmir,Kupwara,2025,12,530,531.6888504513688,6.277937483445547
Jammu And Kashmir,Pulwama,2025,12,421,414.6710144980471,6.029894116856293
Jammu And Kashmir,Punch,2025,12,691,791.1570467662066,6.674759663528763
Jammu And Kashmir,Rajouri,2025,12,600,605.0799348694652,6.407011883095709
Jammu And Kashmir,Ramban,2025,12,575,607.1558607185877,6.410431198980253
Jammu And Kashmir,Reasi,2025,12,421,415.84978253889534,6.032725923179373
Jammu And Kashmir,Samba,2025,12,129,122.91785866751002,4.819618916000549
Jammu And Kashmir,Shopian,2025,12,203,199.02249051322306,5.298429812791836
Jammu And Kashmir,Srinagar,2025,12,542,534.6422861669187,6.283466561721682
Jammu And Kashmir,Udhampur,2025,12,827,852.4562844368799,6.749294321750962
Jharkhand,Bokaro,2025,12,1072,1085.7319020658013,6.990930216466651
Jharkhand,Chatra,2025,12,974,966.0825259393391,6.874283834044882
Jharkhand,Deoghar,2025,12,1492,1519.689568124493,7.326919174206065
Jharkhand,Dhanbad,2025,12,1162,1232.232185944037,7.117393795204361
Jharkhand,Dumka,2025,12,826,859.5485159882397,6.757569995222306
Jharkhand,East Singhbhum,2025,12,1960,1948.8903923901937,7.575528440947336
Jharkhand,Garhwa,2025,12,1171,1213.5756892996073,7.102150067866826
Jharkhand,Giridih,2025,12,2363,2363.5650382745926,7.768349367848419
Jharkhand,Godda,2025,12,864,906.7103604039484,6.810925341375065
Jharkhand,Gumla,2025,12,964,947.7277904036719,6.855121919111644
Jharkhand,Hazaribagh,2025,12,1047,1076.1243475237434,6.982050127802517
Jharkhand,Jamtara,2025,12,688,739.347207614314,6.607119275637362
Jharkhand,Khunti,2025,12,302,303.14889321176383,5.717517361804854
Jharkhand,Koderma,2025,12,606,649.4499402091365,6.477664339125258
Jharkhand,Latehar,2025,12,498,497.7688557396288,6.212142773483688
Jharkhand,Lohardaga,2025,12,642,651.4424265440599,6.4807229001223785
Jharkhand,Pakur,2025,12,253,250.1229693699984,5.525942736969995
Jharkhand,Palamau,2025,12,1502,1577.749084668071,7.364388093881838
Jharkhand,Ramgarh,2025,12,451,481.3493238913692,6.178668589918408
Jharkhand,Ranchi,2025,12,1300,1380.109234954909,7.230642248727887
Jharkhand,Sahebganj,2025,12,1010,1071.786761570513,6.978014991819101
Jharkhand,Seraikela-Kharsawan,2025,12,833,825.5290752397843,6.717235095395841
Jharkhand,Simdega,2025,12,272,281.05967155525383,5.64211864981349
Jharkhand,West Singhbhum,2025,12,1194,1276.6883157360928,7.15280772079229
Karnataka,Bagalkot,2025,12,1923,1876.8097988162933,7.537861376053613
Karnataka,Ballari,2025,12,1396,1370.8172369110578,7.2238915901641905
Karnataka,Belagavi,2025,12,2686,2602.929263775821,7.86477683851089
Karnataka,Bengaluru,2025,12,3645,3610.8588013398025,8.191977822227877
Karnataka,Bengaluru Rural,2025,12,623,598.8320666487484,6.39664972712118
Karnataka,Bengaluru South,2025,12,61,28.51810521509059,3.3850038111915604
Karnataka,Bengaluru Urban,2025,12,1451,1498.601299818426,7.312954551638139
Karnataka,Bidar,2025,12,876,871.8682978000853,6.771784682832365
Karnataka,Chamarajanagar,2025,12,445,449.27276224467585,6.109853537458234
Karnataka,Chamarajanagar *,2025,12,3,17.35996516337068,2.9101724877706467
Karnataka,Chikkaballapur,2025,12,696,689.6469901447341,6.5376288251327574
Karnataka,Chikkamagaluru,2025,12,491,467.53958819172175,6.14962059798417
Karnataka,Chitradurga,2025,12,1382,1354.1558598742733,7.211671752436319
Karnataka,Dakshina Kannada,2025,12,1394,1413.8925174535195,7.254808847795471
Karnataka,Davanagere,2025,12,1666,1622.2227491286858,7.392168803401497
Karnataka,Dharwad,2025,12,912,885.0070629273213,6.786724922274573
Karnataka,Gadag,2025,12,722,723.5410063075215,6.585538359617325
Karnataka,Hassan,2025,12,741,728.5964029940765,6.5924915086411655
Karnataka,Haveri,2025,12,1014,966.124004113819,6.874326723130243
Karnataka,Kalaburagi,2025,12,1677,1662.060591693755,7.416414913702818
Karnataka,Kodagu,2025,12,313,294.89175244485705,5.689993686239262
Karnataka,Kolar,2025,12,755,742.141262033713,6.610886150514223
Karnataka,Koppal,2025,12,1215,1125.3400370702007,7.026728749851671
Karnataka,Mandya,2025,12,891,871.372796816671,6.771216851833821
Karnataka,Mysuru,2025,12,1305,1291.5176970017783,7.164347298359857
Karnataka,Raichur,2025,12,2093,2039.0947967131574,7.620751554735651
Karnataka,Ramanagara,2025,12,474,448.0693988984775,6.107177439046866
Karnataka,Shivamogga,2025,12,1058,994.6739911662479,6.903419885898158
Karnataka,Tumakuru,2025,12,1384,1347.6392475501295,7.206851398316677
Karnataka,Udupi,2025,12,641,614.4665741472667,6.422380637321678
Karnataka,Uttara Kannada,2025,12,666,633.2337118630248,6.4524175172084
Karnataka,Vijayanagara,2025,12,423,425.7797690212902,6.056268116760741
Karnataka,Vijayapura,2025,12,1576,1623.6225215223951,7.393030773331547
Karnataka,Yadgir,2025,12,1195,1147.1273661579091,7.045887516856028
Kerala,Alappuzha,2025,12,628,643.5811955543821,6.4686007966852355
Kerala,Ernakulam,2025,12,990,969.3338962743535,6.877640235229547
Kerala,Idukki,2025,12,269,259.6037726244778,5.563001141272366
Kerala,Kannur,2025,12,1049,1065.4640723290997,6.972103849888836
Kerala,Kasaragod,2025,12,798,802.7160948023685,6.689246090901408
Kerala,Kollam,2025,12,886,917.5499553980267,6.822796291198009
Kerala,Kottayam,2025,12,639,639.8502095140827,6.462795747107328
Kerala,Kozhikode,2025,12,1305,1291.201049386075,7.164102283216349
Kerala,Malappuram,2025,12,3227,3222.6887701680853,8.07828156365902
Kerala,Palakkad,2025,12,1547,1425.655469575869,7.263088151448804
Kerala,Pathanamthitta,2025,12,422,421.0789976556638,6.045192494752778
Kerala,Thiruvananthapuram,2025,12,1107,1100.7521292638185,7.004657036339987
Kerala,Thrissur,2025,12,1040,1059.7605381935896,6.966741418695909
Kerala,Wayanad,2025,12,207,188.41606572416995,5.243946001463839
Ladakh,Kargil,2025,12,273,274.01912180764504,5.616840629095187
Ladakh,Leh (Ladakh),2025,12,58,61.437802251437326,4.134170897260916
Lakshadweep,Lakshadweep,2025,12,31,25.449403685127283,3.2752336130644304
Madhya Pradesh,Agar Malwa,2025,12,659,703.441541072304,6.557405348580366
Madhya Pradesh,Alirajpur,2025,12,984,1047.044572553776,6.954681395039331
Madhya Pradesh,Anuppur,2025,12,861,896.4297774335719,6.799534874887489
Madhya Pradesh,Ashoknagar,2025,12,801,858.6109746376371,6.756479931831618
Madhya Pradesh,Balaghat,2025,12,1320,1382.1633897773963,7.232128466246533
Madhya Pradesh,Barwani,2025,12,1701,1790.9750870830449,7.49107369114083
Madhya Pradesh,Betul,2025,12,1464,1495.765678400414,7.3110618447132945
Madhya Pradesh,Bhind,2025,12,1373,1404.2282963344874,7.247955057062318
Madhya Pradesh,Bhopal,2025,12,2103,2105.782661431549,7.652917257763118
Madhya Pradesh,Burhanpur,2025,12,750,797.4550930435597,6.682678726929642
Madhya Pradesh,Chhatarpur,2025,12,2966,2987.404281991054,8.002494838971405
Madhya Pradesh,Chhindwara,2025,12,1880,1916.8454465931497,7.558957671692507
Madhya Pradesh,Damoh,2025,12,1086,1088.376542420227,6.993360832149567
Madhya Pradesh,Datia,2025,12,844,881.6179593995657,6.782892444917077
Madhya Pradesh,Dewas,2025,12,1625,1709.9346170373135,7.444795059858314
Madhya Pradesh,Dhar,2025,12,2203,2410.6546645954754,7.788068373714244
Madhya Pradesh,Dindori,2025,12,799,863.2106053806592,6.761816495327948
Madhya Pradesh,Guna,2025,12,1637,1692.0279409319107,7.4342738857960695
Madhya Pradesh,Gwalior,2025,12,1848,1822.576757005502,7.508555102593167
Madhya Pradesh,Harda,2025,12,523,532.7999327361971,6.2800211109610435
Madhya Pradesh,Indore,2025,12,3187,3188.6443499111538,8.067664700507459
Madhya Pradesh,Jabalpur,2025,12,2470,2506.669956829977,7.8271092969329805
Madhya Pradesh,Jhabua,2025,12,1451,1501.9250517638336,7.315168522750377
Madhya Pradesh,Katni,2025,12,2131,2123.7771345596866,7.6614221980041854
Madhya Pradesh,Khandwa,2025,12,1304,1378.8987172838488,7.229765382185259
Madhya Pradesh,Khargone,2025,12,1938,1995.749230625213,7.599275752483896
Madhya Pradesh,Maihar,2025,12,96,67.21796205735085,4.222707903447703
Madhya Pradesh,Mandla,2025,12,1179,1220.8190736327922,7.108096071186295
Madhya Pradesh,Mandsaur,2025,12,1494,1552.57935970425,7.348316811985529
Madhya Pradesh,Mauganj,2025,12,82,65.76822332577902,4.201227268646188
Madhya Pradesh,Morena,2025,12,2779,2820.6807197247695,7.945087986297156
Madhya Pradesh,Narmadapuram,2025,12,1147,1183.0272631198536,7.07667684146251
Madhya Pradesh,Narsinghpur,2025,12,1073,1070.829427818825,6.977122213129831
Madhya Pradesh,Neemuch,2025,12,836,883.7791396460901,6.785338054140788
Madhya Pradesh,Niwari,2025,12,34,51.93321128624964,3.969030954466883
Madhya Pradesh,Pandhurna,2025,12,25,47.220613363130525,3.875786592770228
Madhya Pradesh,Panna,2025,12,1263,1243.2582134658348,7.126294818854778
Madhya Pradesh,Raisen,2025,12,1620,1659.2495992850756,7.41472323106261
Madhya Pradesh,Rajgarh,2025,12,2901,3098.3822750075647,8.038958104490513
Madhya Pradesh,Ratlam,2025,12,1079,1103.5418118720845,7.0071858780713
Madhya Pradesh,Rewa,2025,12,1831,1833.7630634410616,7.514670631411304
Madhya Pradesh,Sagar,2025,12,2518,2658.8810868241335,7.886036696575029
Madhya Pradesh,Satna,2025,12,2082,2090.4332249554604,7.6456048635045235
Madhya Pradesh,Sehore,2025,12,1697,1808.4314468613177,7.500767957158377
Madhya Pradesh,Seoni,2025,12,1406,1473.4070600377602,7.296011194758257
Madhya Pradesh,Shahdol,2025,12,1570,1592.6035195725756,7.373753095395023
Madhya Pradesh,Shajapur,2025,12,1558,1568.2209588726905,7.358334570652453
Madhya Pradesh,Sheopur,2025,12,1345,1385.6820594068727,7.234669165059391
Madhya Pradesh,Shivpuri,2025,12,2020,2054.9629725508385,7.6284996169531745
Madhya Pradesh,Sidhi,2025,12,1256,1234.6022454668573,7.11931377835166
Madhya Pradesh,Singrauli,2025,12,1359,1379.7132025842075,7.230355458115983
Madhya Pradesh,Tikamgarh,2025,12,1711,1783.532466097176,7.486911736150638
Madhya Pradesh,Ujjain,2025,12,2781,2866.837211894706,7.961313439960303
Madhya Pradesh,Umaria,2025,12,1189,1222.833156613936,7.10974314382529
Madhya Pradesh,Vidisha,2025,12,1688,1790.0896474886736,7.490579455240567
Maharashtra,Ahmednagar,2025,12,4444,5173.903052567233,8.551575884154657
Maharashtra,Akola,2025,12,735,807.1396571883259,6.6947348866403145
Maharashtra,Amravati,2025,12,1179,1229.1037009376,7.1148537545179655
Maharashtra,Aurangabad,2025,12,2081,2099.4420368819815,7.649903095314137
Maharashtra,Beed,2025,12,1056,1106.905968711706,7.010226997922266
Maharashtra,Bhandara,2025,12,510,531.3001176688219,6.277207461236027
Maharashtra,Buldhana,2025,12,1170,1220.5804530877099,7.107900752702165
Maharashtra,Chandrapur,2025,12,798,892.9312217053239,6.795628838998481
Maharashtra,Chhatrapati Sambhajinagar,2025,12,177,196.91936315119545,5.287859690930813
Maharashtra,Dhule,2025,12,1189,1242.4788237816165,7.1256682335702015
Maharashtra,Gadchiroli,2025,12,619,698.195842093125,6.549930877660493
Maharashtra,Gondiya,2025,12,571,637.1232012195976,6.458531370062221
Maharashtra,Hingoli,2025,12,587,666.6625108001073,6.503782822515192
Maharashtra,Jalgaon,2025,12,1892,1980.1597222427138,7.591437670526966
Maharashtra,Jalna,2025,12,1048,1092.5695484731837,6.997202439807336
Maharashtra,Kolhapur,2025,12,1395,1480.0868722856624,7.3005314704041195
Maharashtra,Latur,2025,12,884,947.7563612390137,6.855152033550618
Maharashtra,Mumbai,2025,12,2912,3291.9160150417792,8.099528777964212
Maharashtra,Mumbai Suburban,2025,12,2097,2284.3677530683935,7.734282232640368
Maharashtra,Nagpur,2025,12,1689,1795.0875070216584,7.4933659709612055
Maharashtra,Nanded,2025,12,1528,1652.0585697283132,7.410382529575837
Maharashtra,Nandurbar,2025,12,856,926.1605919185575,6.832126788877427
Maharashtra,Nashik,2025,12,3042,3147.93396217615,8.05481924983513
Maharashtra,Osmanabad,2025,12,705,809.2183903652779,6.697303829061066
Maharashtra,Palghar,2025,12,1442,1552.5653151771828,7.348307771835464
Maharashtra,Parbhani,2025,12,858,934.8856684136497,6.841493319886063
Maharashtra,Pune,2025,12,4975,5497.8186073822,8.612288549490245
Maharashtra,Raigad,2025,12,1281,1382.8287426985717,7.232609387696356
Maharashtra,Ratnagiri,2025,12,485,531.9064768460353,6.2783459431902875
Maharashtra,Sangli,2025,12,898,959.7617135692678,6.8677264214801985
Maharashtra,Satara,2025,12,1283,1369.139631615573,7.2226679345158695
Maharashtra,Sindhudurg,2025,12,190,217.3779856668559,5.386227440561585
Maharashtra,Solapur,2025,12,2289,2461.430490758539,7.80890414554472
Maharashtra,Thane,2025,12,4532,4965.8283511800455,8.510536756664441
Maharashtra,Wardha,2025,12,527,575.9667594304519,6.357784655542644
Maharashtra,Washim,2025,12,795,883.5385924490461,6.785066144585865
Maharashtra,Yavatmal,2025,12,1347,1481.9830211752462,7.301810893100879
Manipur,Bishnupur,2025,12,117,123.10388962426569,4.821119034380677
Manipur,Chandel,2025,12,84,93.15299533630211,4.544921069109062
Manipur,Churachandpur,2025,12,237,275.71306033091776,5.622981086007559
Manipur,Imphal East,2025,12,205,222.12640627366946,5.407738455141132
Manipur,Imphal West,2025,12,220,251.4054706553829,5.53103680497806
Manipur,Jiribam,2025,12,14,16.465783286697732,2.8602437261908578
Manipur,Kakching,2025,12,15,15.291569556869526,2.7906477689159943
Manipur,Pherzawl,2025,12,1,7.355103334708081,2.1228725299790225
Manipur,Senapati,2025,12,177,215.02111373171763,5.3753761516650185
Manipur,Tamenglong,2025,12,138,140.06980714242508,4.949254853979962
Manipur,Thoubal,2025,12,190,202.09790380249854,5.313688147521253
Manipur,Ukhrul,2025,12,72,89.38412271969446,4.50406861834104
Meghalaya,East Garo Hills,2025,12,22,58.04701221781578,4.078333943866506
Meghalaya,East Jaintia Hills,2025,12,41,60.31776070256021,4.116069535113718
Meghalaya,East Khasi Hills,2025,12,438,464.7145967702963,6.143572993216896
Meghalaya,Eastern West Khasi Hills,2025,12,601,418.2056678057375,6.038361653444385
Meghalaya,North Garo Hills,2025,12,179,211.0640199289551,5.356888209881947
Meghalaya,Ri Bhoi,2025,12,149,161.7619202973206,5.092288521400831
Meghalaya,South Garo Hills,2025,12,18,44.082810522705955,3.808501032452371
Meghalaya,South West Garo Hills,2025,12,43,60.0016022736629,4.110900130609704
Meghalaya,South West Khasi Hills,2025,12,48,59.800191882583846,4.107592944930691
Meghalaya,West Garo Hills,2025,12,199,265.1606175937842,5.584099952092952
Meghalaya,West Jaintia Hills,2025,12,223,276.6163966180085,5.626240292515176
Meghalaya,West Khasi Hills,2025,12,172,199.41403290078148,5.3003853912141095
Mizoram,Aizawl,2025,12,67,95.30993735488757,4.567571505119727
Mizoram,Champhai,2025,12,29,34.73260253413309,3.5760635082893018
Mizoram,Khawzawl,2025,12,1,2.2622072731814744,1.182404043927977
Mizoram,Kolasib,2025,12,12,15.610725521351856,2.8100486024636746
Mizoram,Lawngtlai,2025,12,219,224.97213702725864,5.4204117041817526
Mizoram,Lunglei,2025,12,34,43.816794657345085,3.8025829499150197
Mizoram,Mamit,2025,12,26,24.91126759705615,3.2546779164593826
Mizoram,Saiha,2025,12,36,34.76957130633073,3.577097568472543
Mizoram,Saitual,2025,12,2,2.2622072731814744,1.182404043927977
Mizoram,Serchhip,2025,12,7,5.660153928318011,1.896142596645273
Nagaland,Chumukedima,2025,12,11,15.558584652509182,2.806904677460881
Nagaland,Dimapur,2025,12,53,135.21074041280494,4.9142032482627345
Nagaland,Kiphire,2025,12,21,41.09213620064511,3.739860934657924
Nagaland,Kohima,2025,12,32,83.03578973292177,4.4312427763510795
Nagaland,Longleng,2025,12,9,13.20824330893187,2.653822310887243
Nagaland,Mokokchung,2025,12,19,29.52027839015528,3.418391327939376
Nagaland,Mon,2025,12,51,128.70016104965435,4.865225333030605
Nagaland,Niuland,2025,12,1,1.7381225984231987,1.0072725024975604
Nagaland,Noklak,2025,12,24,41.958419477014175,3.760232658951524
Nagaland,Peren,2025,12,6,15.036128179984544,2.774844188012504
Nagaland,Phek,2025,12,9,22.232380637925704,3.1455470227164004
Nagaland,Shamator,2025,12,19,29.674867822106176,3.4234436816098976
Nagaland,Tseminyu,2025,12,2,3.730536621275925,1.5540386466556868
Nagaland,Tuensang,2025,12,26,62.884529684784894,4.157077230112531
Nagaland,Wokha,2025,12,19,33.01426542110498,3.5267800078297444
Nagaland,Zunheboto,2025,12,14,31.949066059134132,3.494962916362719
Odisha,Angul,2025,12,640,606.7043264193176,6.409688458450042
Odisha,Balangir,2025,12,1054,1039.377650193333,6.947339051407321
Odisha,Balasore,2025,12,981,986.0327565357323,6.894703226862238
Odisha,Bargarh,2025,12,849,870.9666801717837,6.770751212366753
Odisha,Bhadrak,2025,12,610,607.9473385401894,6.411731791951583
Odisha,Boudh,2025,12,219,242.26222392077165,5.494139972304103
Odisha,Cuttack,2025,12,1023,1014.8296067406287,6.923460904172593
Odisha,Debagarh,2025,12,238,250.43667994302766,5.527191188230277
Odisha,Dhenkanal,2025,12,697,682.0921090902566,6.526629710053833
Odisha,Gajapati,2025,12,261,264.90324331444765,5.583132495671568
Odisha,Ganjam,2025,12,1571,1627.023091123719,7.3951217301988255
Odisha,Jagatsinghpur,2025,12,589,588.2453536577901,6.378842656605331
Odisha,Jajpur,2025,12,872,919.3946363024379,6.824802530571912
Odisha,Jharsuguda,2025,12,190,211.8859071135495,5.360756374844904
Odisha,Kalahandi,2025,12,550,559.2169652039563,6.328324146558733
Odisha,Kandhamal,2025,12,381,397.40418969561114,5.987467041959392
Odisha,Kendrapara,2025,12,843,837.4512052996719,6.731556386725238
Odisha,Keonjhar,2025,12,1277,1378.9332148360547,7.229790381933835
Odisha,Khordha,2025,12,974,980.4602600934631,6.889041523944664
Odisha,Koraput,2025,12,580,581.5625980630966,6.367436644151964
Odisha,Malkangiri,2025,12,340,339.93235357274693,5.831684080984762
Odisha,Mayurbhanj,2025,12,905,958.885188163282,6.866813681646502
Odisha,Nabarangpur,2025,12,702,696.3645769305898,6.547308339906788
Odisha,Nayagarh,2025,12,428,449.3266394592098,6.109973184916352
Odisha,Nuapada,2025,12,293,278.39134059926175,5.632613453498127
Odisha,Puri,2025,12,647,618.8967718443869,6.429552967151786
Odisha,Rayagada,2025,12,328,332.2438253841178,5.808874430407397
Odisha,Sambalpur,2025,12,489,498.4200852411227,6.21344759578166
Odisha,Subarnapur,2025,12,222,237.7576681811216,5.475449096881178
Odisha,Sundargarh,2025,12,752,737.9120142111577,6.605178853252561
Puducherry,Karaikal,2025,12,72,67.85357571813967,4.231982158730083
Puducherry,Puducherry,2025,12,330,316.49900996225,5.760474700098751
Puducherry,Yanam,2025,12,5,7.355103334708081,2.1228725299790225
Punjab,Amritsar,2025,12,788,817.4070562495485,6.70735983660605
Punjab,Barnala,2025,12,147,140.84382626774945,4.954726637345068
Punjab,Bathinda,2025,12,399,383.29459492320336,5.951409432739137
Punjab,Faridkot,2025,12,153,147.54878223098427,5.000913404170433
Punjab,Fatehgarh Sahib,2025,12,156,152.23956782513608,5.032002499580077
Punjab,Fazilka,2025,12,287,291.6294570707575,5.678907157034703
Punjab,Firozpur,2025,12,216,220.80469345849477,5.401797235461068
Punjab,Gurdaspur,2025,12,588,615.5324000550944,6.424110876057334
Punjab,Hoshiarpur,2025,12,505,531.9595025229036,6.278445441021982
Punjab,Jalandhar,2025,12,552,588.4985457671404,6.379272253082339
Punjab,Kapurthala,2025,12,338,331.1228651258132,5.805504976135534
Punjab,Ludhiana,2025,12,1184,1241.6918025302823,7.125035114290862
Punjab,Malerkotla,2025,12,148,143.70972768818513,4.974729857972062
Punjab,Mansa,2025,12,180,180.8883510641798,5.203393043144544
Punjab,Moga,2025,12,216,214.1595918709976,5.371380040540432
Punjab,Pathankot,2025,12,260,271.8471524148041,5.608911757128465
Punjab,Patiala,2025,12,543,543.2903469358754,6.2994828304599535
Punjab,Rupnagar,2025,12,195,202.4536713948272,5.315438319970929
Punjab,S.A.S Nagar,2025,12,463,488.7683253953413,6.1939324739813655
Punjab,Sangrur,2025,12,322,323.7581557002841,5.783080769016069
Punjab,Shaheed Bhagat Singh Nagar,2025,12,159,153.3830304744144,5.039436725296748
Punjab,Sri Muktsar Sahib,2025,12,229,235.14647907522948,5.464452286534721
Punjab,Tarn Taran,2025,12,312,300.4762376407768,5.708691199266168
Rajasthan,Ajmer,2025,12,1639,1638.0928270055829,7.401898213507094
Rajasthan,Alwar,2025,12,2661,2682.8237021602713,7.894997811195141
Rajasthan,Banswara,2025,12,1161,1256.241106967042,7.136675001626415
Rajasthan,Baran,2025,12,1074,1061.7180274073942,6.9685850820132496
Rajasthan,Barmer,2025,12,2396,2298.2038437974165,7.740318187121126
Rajasthan,Bharatpur,2025,12,2111,2148.0430960681347,7.6727779504517315
Rajasthan,Bhilwara,2025,12,1500,1537.8725660143446,7.338805327300925
Rajasthan,Bikaner,2025,12,1622,1633.8981254964324,7.399335772825221
Rajasthan,Bundi,2025,12,845,931.5588127112848,6.837932219460819
Rajasthan,Chittorgarh,2025,12,811,872.236272029317,6.772206163012919
Rajasthan,Churu,2025,12,1705,1748.5568005966936,7.467117778040751
Rajasthan,Dausa,2025,12,961,992.6491457091171,6.901384172223627
Rajasthan,Deeg,2025,12,31,27.681846355608023,3.3562643914698578
Rajasthan,Dholpur,2025,12,885,941.5533737609213,6.848592547703811
Rajasthan,Dungarpur,2025,12,1054,1074.0278687577952,6.980101864651587
Rajasthan,Ganganagar,2025,12,1486,1581.304084021406,7.366637344788033
Rajasthan,Hanumangarh,2025,12,755,817.181752668866,6.707084503448597
Rajasthan,Jaipur,2025,12,4282,4375.9724277325595,8.3841125378182
Rajasthan,Jaisalmer,2025,12,433,474.4901680558175,6.164346204707145
Rajasthan,Jalore,2025,12,2087,2130.0616081766375,7.664375542134326
Rajasthan,Jhalawar,2025,12,1149,1266.8970386766932,7.145114931918503
Rajasthan,Jhunjhunu,2025,12,1141,1231.6727634386918,7.116940069268913
Rajasthan,Jodhpur,2025,12,2962,2959.9257497571,7.993257251717306
Rajasthan,Karauli,2025,12,1139,1243.8670539723926,7.126784019239078
Rajasthan,Kota,2025,12,1308,1397.270553640249,7.242991433139699
Rajasthan,Nagaur,2025,12,2210,2153.2051967028106,7.67517711627232
Rajasthan,Pali,2025,12,1370,1407.898971022785,7.25056380671812
Rajasthan,Pratapgarh (Rj),2025,12,661,736.5178267210346,6.603290259746973
Rajasthan,Rajsamand,2025,12,680,752.0318701051435,6.624107551081068
Rajasthan,Sawai Madhopur,2025,12,885,926.1499394827209,6.832115299501019
Rajasthan,Sikar,2025,12,1442,1494.6369731595132,7.310307464086182
Rajasthan,Sirohi,2025,12,1000,1052.0566557160532,6.959452314785403
Rajasthan,Tonk,2025,12,651,731.3749278509406,6.596292579351127
Rajasthan,Udaipur,2025,12,2182,2149.1233929060977,7.6732805115241955
Sikkim,East Sikkim,2025,12,56,142.7574763939114,4.968127688021777
Sikkim,Mangan,2025,12,1,1.7381225984231987,1.0072725024975604
Sikkim,Namchi,2025,12,5,9.994550995042609,2.397399785978012
Sikkim,North Sikkim,2025,12,6,14.007927500130021,2.7085785615039346
Sikkim,South Sikkim,2025,12,13,30.892073896262563,3.462357511715909
Sikkim,West Sikkim,2025,12,23,58.14054015282108,4.079916647842565
Tamil Nadu,Ariyalur,2025,12,370,387.056504709585,5.96115095971496
Tamil Nadu,Chengalpattu,2025,12,188,185.1236327856375,5.226411145298953
Tamil Nadu,Chennai,2025,12,1592,1766.05493072638,7.477069558835023
Tamil Nadu,Coimbatore,2025,12,1308,1376.8814643744754,7.228302427826117
Tamil Nadu,Cuddalore,2025,12,1333,1390.819149692393,7.2383669112558815
Tamil Nadu,Dharmapuri,2025,12,960,1018.4219904090756,6.926991069587216
Tamil Nadu,Dindigul,2025,12,900,936.7737330810434,6.843508697179244
Tamil Nadu,Erode,2025,12,862,890.9194610725721,6.793375838226211
Tamil Nadu,Kallakurichi,2025,12,150,170.95910581610144,5.147256691661673
Tamil Nadu,Kanchipuram,2025,12,2120,2293.425600883317,7.738237808329155
Tamil Nadu,Kanyakumari,2025,12,605,638.7767493208786,6.461119286312537
Tamil Nadu,Karur,2025,12,627,636.8270173835256,6.458067113953991
Tamil Nadu,Krishnagiri,2025,12,1027,1066.116599097398,6.972715522835992
Tamil Nadu,Madurai,2025,12,1304,1417.8965202644504,7.257634750092508
Tamil Nadu,Mayiladuthurai,2025,12,80,52.07851705008416,3.9717722710572327
Tamil Nadu,Nagapattinam,2025,12,620,636.9806360414615,6.458307931851996
Tamil Nadu,Namakkal,2025,12,685,719.3967777474209,6.579802140425919
Tamil Nadu,Perambalur,2025,12,334,351.69438828753175,5.865601926391108
Tamil Nadu,Pudukkottai,2025,12,1073,1177.1348107103145,7.071687797995073
Tamil Nadu,Ramanathapuram,2025,12,627,630.0919635315832,6.447451594444122
Tamil Nadu,Ranipet,2025,12,19,14.599800520266232,2.747258127011314
Tamil Nadu,Salem,2025,12,1828,1958.0153264390613,7.580197241517337
Tamil Nadu,Sivaganga,2025,12,695,740.421232510766,6.608568928707918
Tamil Nadu,Tenkasi,2025,12,205,215.03063050438337,5.37542020552104
Tamil Nadu,Thanjavur,2025,12,1373,1492.0088365868608,7.3085487162000815
Tamil Nadu,The Nilgiris,2025,12,268,284.1246610940577,5.652926491981514
Tamil Nadu,Theni,2025,12,518,524.1185990940285,6.26362414011562
Tamil Nadu,Thiruvarur,2025,12,784,790.0337608261541,6.673340648052987
Tamil Nadu,Thoothukkudi,2025,12,955,998.4942920604957,6.907249443129246
Tamil Nadu,Tiruchirappalli,2025,12,1571,1734.5653479113864,7.459088488244004
Tamil Nadu,Tirunelveli,2025,12,1578,1715.406681830774,7.447988246043126
Tamil Nadu,Tirupattur,2025,12,221,207.74065146302078,5.341092579317479
Tamil Nadu,Tiruppur,2025,12,982,1025.206561804819,6.93362433276224
Tamil Nadu,Tiruvallur,2025,12,1988,2142.5366673131107,7.670212392172622
Tamil Nadu,Tiruvannamalai,2025,12,1077,1166.2973250835357,7.062446377114431
Tamil Nadu,Vellore,2025,12,1568,1708.5400862875813,7.44397965793434
Tamil Nadu,Viluppuram,2025,12,1372,1496.170817531813,7.311332484477647
Tamil Nadu,Virudhunagar,2025,12,934,986.4379923254113,6.895113702221878
Telangana,Adilabad,2025,12,490,512.1909294271063,6.2406479580473
Telangana,Bhadradri Kothagudem,2025,12,313,333.87398608634567,5.813754300122513
Telangana,Hanumakonda,2025,12,137,144.084954358259,4.977319462978717
Telangana,Hyderabad,2025,12,3270,2674.032566435148,7.89171683362428
Telangana,Jagtial,2025,12,271,276.74145587460134,5.626690666118954
Telangana,Jangaon,2025,12,121,122.70660147204433,4.8179126447654665
Telangana,Jayashankar Bhupalpally,2025,12,102,102.67799791092746,4.6412899221448285
Telangana,Jogulamba Gadwal,2025,12,194,203.61319143826466,5.321121325721967
Telangana,Kamareddy,2025,12,234,265.94626027764207,5.587047365773866
Telangana,Karimnagar,2025,12,824,919.4081630181901,6.824817227111658
Telangana,Khammam,2025,12,533,566.3459890032531,6.340969327507686
Telangana,Komaram Bheem,2025,12,135,140.38786364319708,4.951506919815625
Telangana,Mahabubabad,2025,12,165,179.89494263940023,5.197916435346
Telangana,Mahabubnagar,2025,12,1329,1465.8828224252698,7.290894899305356
Telangana,Mancherial,2025,12,174,192.75220045557595,5.266580025359033
Telangana,Medak,2025,12,968,1008.7679139935412,6.917475795304762
Telangana,Medchal-Malkajgiri,2025,12,725,762.7291398657765,6.63821319733477
Telangana,Mulugu,2025,12,126,127.62907312667306,4.856932860332509
Telangana,Nagarkurnool,2025,12,165,176.36569728094798,5.178213687485796
Telangana,Nalgonda,2025,12,831,943.6388153419839,6.850802648447099
Telangana,Narayanpet,2025,12,161,158.6583351521693,5.073036126705998
Telangana,Nirmal,2025,12,176,190.36520592181876,5.254183675251224
Telangana,Nizamabad,2025,12,809,819.6401934408565,6.710084759360438
Telangana,Peddapalli,2025,12,85,88.34235550217142,4.492475681170445
Telangana,Rajanna Sircilla,2025,12,136,137.1632976059644,4.928436301575911
Telangana,Rangareddy,2025,12,2910,2605.5149339585832,7.865769333698205
Telangana,Sangareddy,2025,12,354,403.54540757223987,6.002763986248344
Telangana,Siddipet,2025,12,226,264.13033592870903,5.5802215387689165
Telangana,Suryapet,2025,12,218,232.718286094427,5.4541164845018395
Telangana,Vikarabad,2025,12,292,309.2904187132391,5.737508693482414
Telangana,Wanaparthy,2025,12,213,229.38175436062514,5.439737734542832
Telangana,Warangal,2025,12,443,490.3447978247047,6.197146117237795
Telangana,Warangal Rural,2025,12,118,111.38741229169975,4.7219519409008415
Telangana,Warangal Urban,2025,12,83,86.56207634695886,4.472347985792403
Telangana,Yadadri.,2025,12,201,220.7441896969505,5.401524418803345
Tripura,Dhalai,2025,12,239,234.9228435158823,5.4635048173162195
Tripura,Gomati,2025,12,144,137.07870936353842,4.927823880271869
Tripura,Khowai,2025,12,64,58.060639282995766,4.078564700554447
Tripura,North Tripura,2025,12,272,297.09095987455424,5.697398674409208
Tripura,Sepahijala,2025,12,338,332.7595820699627,5.8104209196243115
Tripura,South Tripura,2025,12,418,403.10847464327867,6.0016833435133226
Tripura,Unakoti,2025,12,118,115.29389982430142,4.7561206060793255
Tripura,West Tripura,2025,12,483,462.99483158171745,6.1398734133317125
Uttar Pradesh,Agra,2025,12,3224,3219.556416639879,8.07730942380894
Uttar Pradesh,Aligarh,2025,12,2270,2439.688553217864,7.800035472419774
Uttar Pradesh,Allahabad,2025,12,1846,1799.2419325672474,7.495676341834251
Uttar Pradesh,Ambedkar Nagar,2025,12,1063,1085.2420197810916,6.990479329975945
Uttar Pradesh,Amethi,2025,12,1173,1202.7642681014547,7.093208816085872
Uttar Pradesh,Amroha,2025,12,1524,1563.2190456485173,7.355141966060983
Uttar Pradesh,Auraiya,2025,12,619,698.6187342503915,6.550535521302764
Uttar Pradesh,Ayodhya,2025,12,1173,1219.0300763885948,7.106630790200964
Uttar Pradesh,Azamgarh,2025,12,2326,2325.975189616359,7.752324501284283
Uttar Pradesh,Baghpat,2025,12,853,878.8967755072537,6.779804600032064
Uttar Pradesh,Bahraich,2025,12,2206,2263.0383666964162,7.724905385600163
Uttar Pradesh,Ballia,2025,12,1592,1644.782650959176,7.405971325713193
Uttar Pradesh,Balrampur (Up),2025,12,1655,1740.9709826120309,7.462772499760525
Uttar Pradesh,Banda,2025,12,942,971.2697917423817,6.87963332946778
Uttar Pradesh,Barabanki,2025,12,1595,1640.3743538756228,7.403289190530853
Uttar Pradesh,Bareilly,2025,12,2669,2803.6046079706957,7.939017848295799
Uttar Pradesh,Basti,2025,12,1691,1763.4935043381815,7.475618961804033
Uttar Pradesh,Bhadohi,2025,12,89,79.00479336014845,4.3820865498807855
Uttar Pradesh,Bijnor,2025,12,2350,2381.2632089604663,7.775806242954437
Uttar Pradesh,Budaun,2025,12,1654,1711.708685332919,7.445831422760468
Uttar Pradesh,Bulandshahr,2025,12,2528,2585.1402412436682,7.8579217888140525
Uttar Pradesh,Chandauli,2025,12,864,926.9592488163065,6.832987818908538
Uttar Pradesh,Chitrakoot,2025,12,1197,1219.9292021826277,7.107367488959187
Uttar Pradesh,Deoria,2025,12,1452,1493.4793219539633,7.309533145531895
Uttar Pradesh,Etah,2025,12,921,951.3505007689962,6.858933140108966
Uttar Pradesh,Etawah,2025,12,883,928.521407223482,6.83466983779837
Uttar Pradesh,Farrukhabad,2025,12,1176,1210.7689478906539,7.099836511401791
Uttar Pradesh,Fatehpur,2025,12,1386,1473.2173876227348,7.2958825433015155
Uttar Pradesh,Firozabad,2025,12,1259,1239.8995666387618,7.123591852549118
Uttar Pradesh,Gautam Buddha Nagar,2025,12,1346,1405.5981813893177,7.248929430960611
Uttar Pradesh,Ghaziabad,2025,12,2024,2035.444368984739,7.6189606097424765
Uttar Pradesh,Ghazipur,2025,12,1623,1610.8911621029356,7.3851634034813065
Uttar Pradesh,Gonda,2025,12,1841,1813.8931202125905,7.503781858029836
Uttar Pradesh,Gorakhpur,2025,12,2111,2087.063825843899,7.643992516468241
Uttar Pradesh,Hamirpur (Up),2025,12,574,619.2751551934136,6.430163178288676
Uttar Pradesh,Hapur,2025,12,885,947.7840836356082,6.855181252845175
Uttar Pradesh,Hardoi,2025,12,2224,2345.253485689768,7.760575073542563
Uttar Pradesh,Hathras,2025,12,1199,1213.5998653319807,7.102169972589091
Uttar Pradesh,Jalaun,2025,12,790,860.9564065560064,6.759204696944036
Uttar Pradesh,Jaunpur,2025,12,1863,1840.2845232896664,7.518218717520773
Uttar Pradesh,Jhansi,2025,12,1259,1232.4558018823327,7.117575103857917
Uttar Pradesh,Kannauj,2025,12,847,882.7827432420338,6.784211266869028
Uttar Pradesh,Kanpur Dehat,2025,12,906,930.1210279257884,6.83638926660015
Uttar Pradesh,Kanpur Nagar,2025,12,2397,2423.7469877839626,7.793482462993867
Uttar Pradesh,Kasganj,2025,12,813,887.6788483141727,6.789735919756983
Uttar Pradesh,Kaushambi,2025,12,1084,1085.2679464597445,6.990503197925052
Uttar Pradesh,Kheri,2025,12,2327,2322.351988647427,7.750766244601179
Uttar Pradesh,Kushinagar,2025,12,1811,1842.9887084052941,7.51968628067333
Uttar Pradesh,Lalitpur,2025,12,842,880.4864968369749,6.781609683328056
Uttar Pradesh,Lucknow,2025,12,3031,3107.6491806564577,8.041943563761473
Uttar Pradesh,Maharajganj,2025,12,1566,1592.3707458447839,7.373607017197448
Uttar Pradesh,Mahoba,2025,12,557,588.9003223057629,6.37995357738244
Uttar Pradesh,Mainpuri,2025,12,1365,1418.2691680279709,7.257897347704197
Uttar Pradesh,Mathura,2025,12,1778,1786.9720950308285,7.488837348805648
Uttar Pradesh,Mau,2025,12,992,1059.099959701956,6.966118484265615
Uttar Pradesh,Meerut,2025,12,2158,2100.149399079277,7.650239806874392
Uttar Pradesh,Mirzapur,2025,12,1146,1183.1133446382794,7.076749541130918
Uttar Pradesh,Moradabad,2025,12,1686,1756.2865937364684,7.471526190273088
Uttar Pradesh,Muzaffarnagar,2025,12,1297,1383.5809636410313,7.233152819515172
Uttar Pradesh,Pilibhit,2025,12,1039,1087.9665482675364,6.992984404616839
Uttar Pradesh,Pratapgarh (Up),2025,12,1543,1569.7300627113639,7.359295798356004
Uttar Pradesh,Prayagraj,2025,12,261,274.3217317045992,5.6179403472989895
Uttar Pradesh,Raebareli,2025,12,1756,1784.0949201897986,7.487226869376833
Uttar Pradesh,Rampur,2025,12,1573,1608.999935789061,7.383989418095937
Uttar Pradesh,Saharanpur,2025,12,2272,2431.3722304901066,7.7966222866744985
Uttar Pradesh,Sambhal,2025,12,1654,1739.901833170574,7.462158552865769
Uttar Pradesh,Sant Kabir Nagar,2025,12,1062,1085.3768556117036,6.990603452832754
Uttar Pradesh,Sant Ravidas Nagar,2025,12,731,808.4107499842614,6.696306513777167
Uttar Pradesh,Shahjahanpur,2025,12,1443,1492.0661314898105,7.308587090925143
Uttar Pradesh,Shamli,2025,12,1404,1494.9428422760657,7.3105119507698
Uttar Pradesh,Shrawasti,2025,12,650,729.0541182166191,6.593118665937921
Uttar Pradesh,Siddharthnagar,2025,12,1857,1858.554515525631,7.528092230238759
Uttar Pradesh,Sitapur,2025,12,2906,2980.280718108177,8.00010825835151
Uttar Pradesh,Sonbhadra,2025,12,773,835.1363670920641,6.728791718313498
Uttar Pradesh,Sultanpur,2025,12,1209,1219.7180557137845,7.107194534844962
Uttar Pradesh,Unnao,2025,12,1780,1786.7734706499316,7.488726253439687
Uttar Pradesh,Varanasi,2025,12,1953,1955.2344773539887,7.578776719358062
Uttarakhand,Almora,2025,12,267,258.64998379043794,5.559334507861818
Uttarakhand,Bageshwar,2025,12,109,104.54782931163199,4.659164208584344
Uttarakhand,Chamoli,2025,12,220,228.6259036471981,5.436451478844686
Uttarakhand,Champawat,2025,12,124,116.15703784066666,4.76351523861385
Uttarakhand,Dehradun,2025,12,955,1018.3029052356992,6.926874246396636
Uttarakhand,Garhwal,2025,12,4,14.085884137485655,2.713759481267097
Uttarakhand,Haridwar,2025,12,1021,1074.9249180998802,6.980935959569498
Uttarakhand,Nainital,2025,12,460,496.91695911009197,6.2104333143456145
Uttarakhand,Pauri Garhwal,2025,12,334,329.02911014974853,5.799180863145021
Uttarakhand,Pithoragarh,2025,12,246,237.70546546519887,5.47523042987863
Uttarakhand,Rudraprayag,2025,12,188,174.0480714922339,5.165060630443295
Uttarakhand,Tehri Garhwal,2025,12,586,614.1968726375119,6.421942334689423
Uttarakhand,Udham Singh Nagar,2025,12,1061,1145.4274603451274,7.0444058297730745
Uttarakhand,Uttarkashi,2025,12,285,260.57236842045404,5.5667109887002235
West Bengal,Alipurduar,2025,12,283,297.9944790157531,5.700425108389952
West Bengal,Bankura,2025,12,1703,1837.9775430422785,7.516965013024746
West Bengal,Birbhum,2025,12,2380,2594.5162418163372,7.861540712930747
West Bengal,Cooch Behar,2025,12,1117,1244.6836554525712,7.127439779032565
West Bengal,Dakshin Dinajpur,2025,12,852,851.0868864690805,6.747688501053571
West Bengal,Darjeeling,2025,12,870,893.5926421827395,6.796368466264209
West Bengal,Hooghly,2025,12,2400,2565.94743332925,7.850472702799857
West Bengal,Howrah,2025,12,1667,1817.5960929023613,7.505820104879938
West Bengal,Jalpaiguri,2025,12,1549,1664.7058101631014,7.41800422259795
West Bengal,Jhargram,2025,12,153,166.759201802985,5.122529628612537
West Bengal,Kalimpong,2025,12,92,64.18566844882531,4.177239635703957
West Bengal,Kolkata,2025,12,1416,1602.324246110521,7.3798344067091
West Bengal,Malda,2025,12,2813,2956.0903899178584,7.991961087500892
West Bengal,Murshidabad,2025,12,4494,5015.177181266196,8.520423404907845
West Bengal,Nadia,2025,12,2257,2486.4724731998826,7.81902240292122
West Bengal,North 24 Parganas,2025,12,4901,5135.927001252193,8.544210319981287
West Bengal,Paschim Bardhaman,2025,12,237,228.8108689030172,5.437256661524276
West Bengal,Paschim Medinipur,2025,12,2790,2880.8083645963443,7.966173280454252
West Bengal,Purba Bardhaman,2025,12,2979,3002.7512512986036,8.007617203629403
West Bengal,Purba Medinipur,2025,12,2123,2288.578793276889,7.7361231465636635
West Bengal,Purulia,2025,12,1979,2117.128776981111,7.658288325531688
West Bengal,South 24 Parganas,2025,12,5723,6157.743634178715,8.725628080235348
West Bengal,Uttar Dinajpur,2025,12,2610,2828.495472663112,7.94785369653292
